client_id,credit_id,age,gender,marital_status,employment,dependents,monthly_income,has_other_credits,other_credits_count,credit_amount,credit_term,interest_rate,lti_ratio,credit_age,credit_status,monthly_payment,total_payments,overdue_payments,max_overdue_days,avg_payment,payments_count_12m,overdue_count_12m,overdue_share_12m,max_overdue_12m,total_interventions,completed_interventions,promises_count,risk_category
5946,702,27,0,1,0,0,215389.0,0,0,251688.0,60,0.0,1.17,597,1,4824.02,12,4,42,4700.59583333333,1,1,1.0,13,0,0,0,1
9551,703,64,1,3,2,0,99614.0,0,0,298938.0,12,0.0,3.0,1482,1,28648.22,21,5,37,28090.2842857143,0,0,0.0,0,0,0,0,0
8230,704,53,0,3,1,0,297775.0,0,0,625973.0,12,0.0,2.1,864,1,59989.08,10,4,53,57113.378,0,0,0.0,0,0,0,0,1
8984,707,51,1,2,0,0,150920.0,0,0,342022.0,240,0.0,2.27,583,2,1638.86,12,4,58,1564.96333333333,4,1,0.25,18,66,9,24,1
6079,711,49,1,1,1,0,224762.0,0,0,8670504.0,240,0.0,38.58,1880,2,41546.16,9,4,24,42727.6144444445,0,0,0.0,0,56,7,22,1
9972,713,48,0,1,1,0,281857.0,0,0,5955924.0,240,0.0,21.13,704,1,28538.8,23,5,49,28241.9786956522,8,2,0.25,9,0,0,0,0
8091,717,47,1,3,2,0,158137.0,0,0,2902415.0,12,0.0,18.35,743,1,278148.1,18,2,29,276056.471666667,0,0,0.0,0,0,0,0,0
8225,718,44,1,3,2,0,123774.0,0,0,897823.0,24,0.0,7.25,1358,1,43020.69,19,5,45,43537.4152631579,0,0,0.0,0,0,0,0,0
8374,720,45,1,3,1,0,106590.0,0,0,47844.0,120,0.0,0.45,130,1,458.5,18,10,53,458.361666666667,18,10,0.556,53,0,0,0,1
5413,721,33,1,2,0,0,242885.0,0,0,387671.0,48,0.0,1.6,1710,1,9287.95,10,1,32,9645.36,0,0,0.0,0,0,0,0,0
5910,723,45,0,0,0,0,265301.0,0,0,470404.0,24,0.0,1.77,2303,1,22540.19,8,4,57,22865.39375,0,0,0.0,0,0,0,0,1
6587,724,38,0,1,1,0,81301.0,0,0,1742303.0,12,0.0,21.43,1930,1,166970.7,26,11,59,163721.920384615,0,0,0.0,0,0,0,0,1
9869,725,52,1,2,0,0,213988.0,0,0,437361.0,60,0.0,2.04,2093,1,8382.75,7,1,41,8260.23714285714,0,0,0.0,0,0,0,0,0
6572,727,62,0,1,1,0,168247.0,0,0,428994.0,6,0.0,2.55,1812,2,82223.85,12,1,20,82460.5533333333,0,0,0.0,0,76,16,26,0
8811,728,28,0,0,0,0,173841.0,0,0,1643187.0,6,0.0,9.45,1445,1,314944.18,10,5,57,323427.297,0,0,0.0,0,0,0,0,1
5144,730,41,1,2,0,0,213288.0,0,0,1941700.0,60,0.0,9.1,1149,1,37215.92,13,2,41,36342.5469230769,0,0,0.0,0,0,0,0,0
7764,731,49,1,1,1,0,225124.0,0,0,959264.0,36,0.0,4.26,1565,1,30643.16,9,4,46,30108.0722222222,0,0,0.0,0,0,0,0,1
5489,732,40,1,3,0,0,36996.0,0,0,4841884.0,6,0.0,130.88,2199,2,928027.77,21,5,44,922700.619047619,0,0,0.0,0,56,10,19,0
7257,733,58,0,1,1,0,222578.0,0,0,394261.0,60,0.0,1.77,1992,1,7556.67,24,7,56,7645.4775,0,0,0.0,0,0,0,0,0
7263,734,52,0,2,2,0,142839.0,0,0,224610.0,36,0.0,1.57,746,3,7175.04,11,5,39,7868.65818181818,0,0,0.0,0,64,14,20,1
6561,736,43,0,0,0,0,38968.0,0,0,5773.0,48,0.0,0.15,1400,3,138.31,23,6,58,140.490869565217,0,0,0.0,0,46,8,14,0
5081,737,28,0,0,2,0,203152.0,0,0,1046655.0,48,0.0,5.15,111,1,25076.11,8,0,0,24798.645,8,0,0.0,0,0,0,0,0
6936,738,59,1,1,1,0,49267.0,0,0,137747.0,120,0.0,2.8,684,2,1320.08,20,7,54,1291.562,2,0,0.0,0,59,13,14,1
7812,739,40,1,2,2,0,248723.0,0,0,17016.0,24,0.0,0.07,2093,2,815.35,13,5,59,766.426153846154,0,0,0.0,0,56,10,17,1
7635,740,51,0,3,1,0,66664.0,0,0,1210678.0,12,0.0,18.16,1813,1,116023.31,14,5,40,116327.475,0,0,0.0,0,0,0,0,1
9899,741,35,0,0,1,0,150538.0,0,0,119414.0,60,0.0,0.79,697,1,2288.77,20,7,60,2210.1235,4,2,0.5,60,0,0,0,1
6692,742,51,0,1,2,0,217762.0,0,0,321715.0,24,0.0,1.48,2258,3,15415.51,16,5,58,15622.31375,0,0,0.0,0,71,13,18,1
9924,743,57,1,2,2,0,169517.0,0,0,41386.0,24,0.0,0.24,91,1,1983.08,6,3,42,1918.64666666667,6,3,0.5,42,0,0,0,1
5226,744,65,0,1,1,0,289524.0,0,0,1132316.0,24,0.0,3.91,2310,2,54256.81,11,3,59,55566.8454545455,0,0,0.0,0,55,12,17,0
8995,745,58,0,3,2,0,144658.0,0,0,435488.0,120,0.0,3.01,1264,1,4173.43,21,8,52,4162.72571428571,0,0,0.0,0,0,0,0,1
9396,746,55,0,3,2,0,294132.0,0,0,9743671.0,12,0.0,33.13,1340,3,933768.47,11,4,60,906267.715454545,0,0,0.0,0,65,12,24,1
6055,747,52,0,3,2,0,108043.0,0,0,63797.0,60,0.0,0.59,1041,1,1222.78,8,2,51,1292.35,0,0,0.0,0,0,0,0,0
7114,748,46,1,1,1,0,86109.0,0,0,33431.0,48,0.0,0.39,642,2,800.95,21,6,58,790.128571428571,8,1,0.125,20,44,11,12,0
8252,749,28,0,2,1,0,169462.0,0,0,468766.0,12,0.0,2.77,194,1,44923.41,9,3,56,42500.4744444444,9,3,0.333,56,0,0,0,1
5366,750,45,1,2,2,0,31272.0,0,0,44514.0,240,0.0,1.42,495,2,213.3,18,5,57,215.295555555556,13,4,0.308,57,53,8,13,0
6358,751,36,0,3,1,0,259585.0,0,0,460114.0,12,0.0,1.77,2079,1,44094.26,24,5,53,45042.5604166667,0,0,0.0,0,0,0,0,0
6406,753,28,1,1,0,0,290818.0,0,0,1597824.0,6,0.0,5.49,598,1,306249.6,6,3,55,300925.371666667,0,0,0.0,0,0,0,0,1
9297,754,44,1,0,1,0,137139.0,0,0,411716.0,48,0.0,3.0,296,2,9864.03,10,3,47,10143.043,10,3,0.3,47,49,9,16,1
6443,755,25,1,0,1,0,152690.0,0,0,233914.0,60,0.0,1.53,1018,1,4483.35,20,6,51,4484.3205,0,0,0.0,0,0,0,0,1
5635,757,62,1,2,1,0,122266.0,0,0,107813.0,24,0.0,0.88,1612,1,5166.04,15,4,60,5196.18733333333,0,0,0.0,0,0,0,0,0
5997,758,59,0,3,1,0,210157.0,0,0,123689.0,120,0.0,0.59,1812,1,1185.35,9,1,26,1115.73111111111,0,0,0.0,0,0,0,0,0
7410,759,27,1,0,2,0,144944.0,0,0,228542.0,12,0.0,1.58,163,1,21901.94,12,1,60,21931.2758333333,12,1,0.083,60,0,0,0,0
7694,760,36,0,1,0,0,224192.0,0,0,396218.0,60,0.0,1.77,680,1,7594.18,5,0,0,8020.912,0,0,0.0,0,0,0,0,0
5024,761,45,1,0,2,0,247839.0,0,0,322732.0,48,0.0,1.3,608,1,7732.12,20,3,49,7651.376,4,0,0.0,0,0,0,0,0
9129,762,61,0,1,2,0,176135.0,0,0,295146.0,48,0.0,1.68,941,2,7071.21,9,4,59,6669.69333333333,0,0,0.0,0,61,21,16,1
9779,763,62,0,3,0,0,254727.0,0,0,17090.0,6,0.0,0.07,1176,1,3275.58,20,6,56,3403.5555,0,0,0.0,0,0,0,0,1
8502,764,40,1,1,1,0,41502.0,0,0,771455.0,48,0.0,18.59,1177,1,18482.78,7,2,50,18280.5942857143,0,0,0.0,0,0,0,0,0
6274,765,37,0,1,1,0,188470.0,0,0,10365.0,240,0.0,0.05,1157,1,49.67,20,5,47,47.8425,0,0,0.0,0,0,0,0,0
5488,766,58,1,1,2,0,60310.0,0,0,442347.0,240,0.0,7.33,898,1,2119.58,5,1,37,1999.554,0,0,0.0,0,0,0,0,0
7330,767,34,0,0,1,0,287682.0,0,0,1283822.0,48,0.0,4.46,1104,1,30758.24,8,3,27,32273.14125,0,0,0.0,0,0,0,0,1
7105,768,44,0,2,2,0,255779.0,0,0,322863.0,240,0.0,1.26,1227,1,1547.05,10,1,35,1569.003,0,0,0.0,0,0,0,0,0
7168,769,58,0,3,1,0,204856.0,0,0,11593.0,120,0.0,0.06,91,2,111.1,8,4,56,113.99875,8,4,0.5,56,59,14,19,1
6075,770,49,1,0,1,0,227648.0,0,0,31979.0,24,0.0,0.14,678,1,1532.33,21,4,47,1511.48476190476,8,2,0.25,25,0,0,0,0
8557,772,44,0,3,1,0,197532.0,0,0,439262.0,36,0.0,2.22,2557,2,14031.98,18,8,43,14110.1127777778,0,0,0.0,0,42,10,14,1
6495,774,47,1,1,1,0,191184.0,0,0,47569.0,6,0.0,0.25,496,2,9117.39,9,3,57,9127.81,4,1,0.25,57,57,12,20,1
8049,775,46,1,3,1,0,143161.0,0,0,1618979.0,12,0.0,11.31,640,2,155152.15,17,6,50,155031.272352941,1,0,0.0,0,54,12,17,1
9569,776,44,1,0,2,0,181560.0,0,0,8402258.0,6,0.0,46.28,360,1,1610432.78,25,7,30,1627590.8548,25,7,0.28,30,0,0,0,0
6482,778,27,1,3,1,0,39878.0,0,0,427167.0,60,0.0,10.71,874,2,8187.37,11,3,21,8261.46,0,0,0.0,0,51,10,16,0
9398,779,57,1,0,2,0,180972.0,0,0,9457213.0,24,0.0,52.26,1403,3,453158.12,19,8,57,470333.287368421,0,0,0.0,0,56,10,18,1
7748,780,43,1,3,2,0,299504.0,0,0,3551128.0,12,0.0,11.86,1873,1,340316.43,6,2,59,352250.79,0,0,0.0,0,0,0,0,1
5559,783,48,0,1,0,0,129778.0,0,0,5962375.0,120,0.0,45.94,643,1,57139.43,19,6,57,57986.2178947368,8,4,0.5,56,0,0,0,1
8581,784,57,0,1,1,0,256022.0,0,0,6013.0,12,0.0,0.02,2120,1,576.25,28,7,55,561.545714285714,0,0,0.0,0,0,0,0,0
9784,785,61,0,0,1,0,204339.0,0,0,864679.0,48,0.0,4.23,1447,1,20716.27,25,5,59,21196.0188,0,0,0.0,0,0,0,0,0
9560,786,54,1,2,0,0,268367.0,0,0,738492.0,12,0.0,2.75,237,1,70772.15,19,7,29,71319.3436842105,19,7,0.368,29,0,0,0,1
8010,787,25,1,2,2,0,43141.0,0,0,48471.0,48,0.0,1.12,2043,2,1161.28,18,2,48,1166.99055555556,0,0,0.0,0,51,8,18,0
8152,789,51,0,2,1,0,207086.0,0,0,790043.0,6,0.0,3.82,632,1,151424.91,16,5,52,159091.9925,2,1,0.5,46,0,0,0,1
8346,790,65,0,2,1,0,212922.0,0,0,5412313.0,240,0.0,25.42,2564,2,25934.0,4,1,12,26710.695,0,0,0.0,0,50,6,15,0
5703,791,42,0,0,2,0,223984.0,0,0,222118.0,120,0.0,0.99,274,1,2128.63,14,2,42,2140.13714285714,14,2,0.143,42,0,0,0,0
6878,794,27,1,0,1,0,286631.0,0,0,190786.0,6,0.0,0.67,233,2,36567.32,20,1,54,35744.5795,20,1,0.05,54,66,7,15,0
9212,795,51,1,0,1,0,232893.0,0,0,1169904.0,24,0.0,5.02,1869,1,56057.9,8,0,0,56107.40875,0,0,0.0,0,0,0,0,0
5919,796,56,0,3,1,0,29484.0,0,0,1924663.0,6,0.0,65.28,2360,1,368893.74,20,4,55,374463.8005,0,0,0.0,0,0,0,0,0
9449,797,30,1,2,1,0,49327.0,0,0,18808.0,240,0.0,0.38,2485,1,90.12,12,6,55,89.1391666666667,0,0,0.0,0,0,0,0,1
7563,798,26,1,2,1,0,298658.0,0,0,98568.0,60,0.0,0.33,1090,1,1889.22,24,6,53,1887.75708333333,0,0,0.0,0,0,0,0,0
7586,799,39,1,3,2,0,96161.0,0,0,3885233.0,48,0.0,40.4,2381,2,93083.71,7,3,28,91291.2,0,0,0.0,0,62,14,19,1
7521,801,26,1,1,1,0,48399.0,0,0,285180.0,48,0.0,5.89,2562,1,6832.44,15,6,57,6850.12066666667,0,0,0.0,0,0,0,0,1
6777,802,51,1,0,0,0,147644.0,0,0,43292.0,240,0.0,0.29,1696,3,207.44,22,8,47,205.966818181818,0,0,0.0,0,63,15,25,1
9859,803,31,0,0,0,0,147127.0,0,0,1807928.0,24,0.0,12.29,2325,1,86629.88,19,6,58,90638.5242105263,0,0,0.0,0,0,0,0,1
8962,804,63,1,1,1,0,106310.0,0,0,270789.0,120,0.0,2.55,1391,2,2595.06,8,3,58,2546.1725,0,0,0.0,0,73,16,17,1
6380,806,57,0,0,0,0,143722.0,0,0,554087.0,240,0.0,3.86,2334,2,2655.0,14,5,43,2608.83714285714,0,0,0.0,0,66,8,17,1
9189,807,56,0,3,2,0,281744.0,0,0,31121.0,240,0.0,0.11,1470,1,149.12,20,5,54,146.521,0,0,0.0,0,0,0,0,0
7953,809,33,1,3,0,0,269488.0,0,0,25881.0,12,0.0,0.1,1978,2,2480.26,16,8,46,2556.13,0,0,0.0,0,69,18,21,1
8777,810,57,1,1,2,0,233994.0,0,0,464130.0,60,0.0,1.98,2303,1,8895.82,16,8,60,8900.653125,0,0,0.0,0,0,0,0,1
7382,811,60,0,3,2,0,83144.0,0,0,110694.0,48,0.0,1.33,1616,2,2652.04,18,7,57,2717.29222222222,0,0,0.0,0,58,13,17,1
8318,812,30,1,1,2,0,51783.0,0,0,90047.0,12,0.0,1.74,2433,2,8629.5,14,4,52,8911.57142857143,0,0,0.0,0,70,11,21,0
7850,815,35,0,1,1,0,119917.0,0,0,13373.0,120,0.0,0.11,2077,1,128.16,12,3,46,133.269166666667,0,0,0.0,0,0,0,0,0
9884,816,48,0,1,1,0,37467.0,0,0,755044.0,24,0.0,20.15,2370,2,36179.19,12,4,45,35093.385,0,0,0.0,0,64,19,19,1
6408,818,30,1,2,0,0,279492.0,0,0,1969923.0,12,0.0,7.05,1354,2,188784.29,12,4,31,187825.375,0,0,0.0,0,59,12,18,1
7537,819,31,0,1,2,0,148956.0,0,0,696505.0,12,0.0,4.68,778,1,66748.4,5,0,0,65325.012,0,0,0.0,0,0,0,0,0
7248,820,58,0,1,1,0,58058.0,0,0,117682.0,120,0.0,2.03,2132,1,1127.79,20,8,42,1137.895,0,0,0.0,0,0,0,0,1
9251,822,56,0,2,1,0,161157.0,0,0,1085987.0,24,0.0,6.74,2353,3,52036.88,6,1,17,51863.2466666667,0,0,0.0,0,61,12,18,0
7028,823,65,0,0,2,0,71773.0,0,0,170830.0,12,0.0,2.38,2307,1,16371.21,6,0,0,16527.745,0,0,0.0,0,0,0,0,0
7468,824,26,1,2,0,0,29196.0,0,0,430116.0,240,0.0,14.73,522,1,2060.97,18,7,54,2061.08444444444,9,2,0.222,53,0,0,0,1
7195,825,32,1,1,1,0,228506.0,0,0,405047.0,240,0.0,1.77,210,2,1940.85,9,4,60,1901.86666666667,9,4,0.444,60,64,10,17,1
6447,828,62,0,0,0,0,247857.0,0,0,21197.0,6,0.0,0.09,626,2,4062.76,25,8,57,4067.4944,13,4,0.308,57,42,10,14,1
8630,829,57,0,3,1,0,133064.0,0,0,437055.0,6,0.0,3.28,275,1,83768.88,13,3,59,89140.3315384615,13,3,0.231,59,0,0,0,0
6305,830,49,1,2,2,0,287235.0,0,0,452305.0,12,0.0,1.57,2493,1,43345.9,11,2,29,43470.8963636364,0,0,0.0,0,0,0,0,0
5142,832,57,0,2,2,0,152520.0,0,0,34625.0,24,0.0,0.23,862,1,1659.11,19,7,52,1680.63105263158,0,0,0.0,0,0,0,0,1
8281,833,36,0,1,1,0,123250.0,0,0,973438.0,120,0.0,7.9,2160,2,9328.78,14,2,39,9066.79,0,0,0.0,0,64,8,22,0
9915,835,59,1,1,0,0,299594.0,0,0,211292.0,48,0.0,0.71,856,2,5062.2,17,4,40,5073.31941176471,0,0,0.0,0,55,10,12,0
6578,836,45,0,3,1,0,254055.0,0,0,1748327.0,120,0.0,6.88,1326,1,16754.8,10,2,20,16874.994,0,0,0.0,0,0,0,0,0
9555,837,62,1,3,1,0,61716.0,0,0,166302.0,6,0.0,2.69,2248,2,31874.55,16,6,58,33240.035625,0,0,0.0,0,47,12,11,1
6403,838,55,1,0,2,0,266228.0,0,0,334186.0,60,0.0,1.26,764,1,6405.23,15,8,60,6380.732,0,0,0.0,0,0,0,0,1
7528,839,55,1,2,1,0,207945.0,0,0,42117.0,60,0.0,0.2,364,1,807.24,13,7,57,820.243076923077,13,7,0.538,57,0,0,0,1
6106,843,35,1,0,1,0,205282.0,0,0,1927590.0,60,0.0,9.39,1611,2,36945.48,23,6,40,36887.972173913,0,0,0.0,0,58,14,14,0
9867,846,27,0,2,2,0,286040.0,0,0,80134.0,48,0.0,0.28,724,1,1919.88,7,1,50,1810.61571428571,0,0,0.0,0,0,0,0,0
6862,848,53,1,3,0,0,132339.0,0,0,45811.0,12,0.0,0.35,1068,2,4390.22,20,5,57,4449.542,0,0,0.0,0,57,13,19,0
6219,849,39,1,3,2,0,241247.0,0,0,8829.0,240,0.0,0.04,2487,1,42.31,8,2,19,43.44875,0,0,0.0,0,0,0,0,0
6389,853,52,1,3,1,0,276092.0,0,0,1659453.0,60,0.0,6.01,1808,1,31806.18,17,3,35,30646.1082352941,0,0,0.0,0,0,0,0,0
9831,854,28,0,3,2,0,166160.0,0,0,285411.0,120,0.0,1.72,1852,1,2735.19,17,6,54,2800.97705882353,0,0,0.0,0,0,0,0,1
5089,855,60,0,2,2,0,79516.0,0,0,1727459.0,240,0.0,21.72,209,3,8277.41,20,3,26,8337.868,20,3,0.15,26,63,12,20,0
5886,857,28,0,3,1,0,23254.0,0,0,659945.0,60,0.0,28.38,283,1,12648.95,21,8,53,12422.9752380952,21,8,0.381,53,0,0,0,1
7319,858,51,0,2,1,0,87474.0,0,0,4009694.0,60,0.0,45.84,712,2,76852.47,3,2,29,80440.5,0,0,0.0,0,60,15,14,2
7752,859,42,0,0,1,0,143800.0,0,0,303927.0,36,0.0,2.11,2092,1,9708.78,18,5,35,10088.6544444444,0,0,0.0,0,0,0,0,0
5003,860,54,1,1,1,0,199594.0,0,0,8950646.0,60,0.0,44.84,1687,1,171554.05,18,4,56,171599.254444444,0,0,0.0,0,0,0,0,0
8511,861,46,0,3,2,0,167046.0,0,0,5666.0,36,0.0,0.03,2194,3,181.0,18,6,50,183.222222222222,0,0,0.0,0,55,8,15,1
5091,862,28,1,2,1,0,279503.0,0,0,24279.0,24,0.0,0.09,2545,1,1163.37,23,6,46,1169.60043478261,0,0,0.0,0,0,0,0,0
5844,863,31,1,0,2,0,275183.0,0,0,161929.0,48,0.0,0.59,1416,1,3879.55,19,6,56,3712.11210526316,0,0,0.0,0,0,0,0,1
7174,864,57,0,3,1,0,225664.0,0,0,192152.0,24,0.0,0.85,1402,3,9207.28,17,6,58,9165.64882352941,0,0,0.0,0,58,11,12,1
7863,865,58,1,2,1,0,75706.0,0,0,1868282.0,12,0.0,24.68,895,2,179043.69,15,4,29,180200.762666667,0,0,0.0,0,68,11,16,0
6682,866,36,1,1,2,0,208173.0,0,0,160053.0,240,0.0,0.77,919,1,766.92,15,6,39,755.923333333333,0,0,0.0,0,0,0,0,1
9517,868,58,1,2,2,0,151791.0,0,0,4798977.0,6,0.0,31.62,1907,1,919803.92,20,7,55,947709.833,0,0,0.0,0,0,0,0,1
9019,869,43,0,3,1,0,273395.0,0,0,26739.0,24,0.0,0.1,535,1,1281.24,14,3,21,1317.74785714286,4,0,0.0,0,0,0,0,0
6378,870,47,1,3,2,0,257906.0,0,0,404353.0,36,0.0,1.57,2181,1,12916.83,21,7,58,12435.67,0,0,0.0,0,0,0,0,1
5621,872,30,1,2,1,0,159914.0,0,0,1875156.0,12,0.0,11.73,1646,1,179702.45,22,9,51,179786.314090909,0,0,0.0,0,0,0,0,1
8453,873,38,1,2,1,0,230119.0,0,0,777038.0,36,0.0,3.38,658,2,24822.05,21,5,59,25565.0404761905,6,2,0.333,59,55,7,11,0
6049,874,65,1,0,1,0,191667.0,0,0,331613.0,24,0.0,1.73,546,1,15889.79,22,5,42,15929.7240909091,11,2,0.182,42,0,0,0,0
5216,875,28,1,2,2,0,44131.0,0,0,7704628.0,24,0.0,174.59,1331,2,369180.09,21,8,51,381361.161904762,0,0,0.0,0,76,12,30,1
7879,876,62,0,2,2,0,118006.0,0,0,1006484.0,6,0.0,8.53,2533,1,192909.43,22,5,53,193108.525454545,0,0,0.0,0,0,0,0,0
6117,877,58,1,3,2,0,84521.0,0,0,342993.0,120,0.0,4.06,1862,1,3287.02,15,3,45,3223.38266666667,0,0,0.0,0,0,0,0,0
8246,879,31,1,1,2,0,119992.0,0,0,244618.0,36,0.0,2.04,249,1,7814.19,11,3,32,7581.20363636364,11,3,0.273,32,0,0,0,0
8599,881,51,0,3,1,0,102307.0,0,0,115259.0,240,0.0,1.13,371,1,552.28,7,3,40,561.162857142857,7,3,0.429,40,0,0,0,1
5082,882,54,1,0,1,0,70581.0,0,0,358797.0,6,0.0,5.08,359,1,68769.42,16,5,34,67319.800625,16,5,0.312,34,0,0,0,1
5957,883,39,1,1,0,0,223946.0,0,0,38709.0,12,0.0,0.17,1117,1,3709.61,8,1,46,3750.6875,0,0,0.0,0,0,0,0,0
8044,884,35,1,2,2,0,238939.0,0,0,9694657.0,240,0.0,40.57,1639,2,46453.56,7,2,57,46840.4542857143,0,0,0.0,0,55,10,13,0
5868,885,31,1,3,2,0,82373.0,0,0,1487756.0,48,0.0,18.06,838,1,35644.15,10,6,56,37306.258,0,0,0.0,0,0,0,0,2
9750,886,62,0,3,2,0,235782.0,0,0,997116.0,36,0.0,4.23,1520,1,31852.32,12,3,40,32501.3525,0,0,0.0,0,0,0,0,0
5067,887,28,0,0,2,0,152816.0,0,0,335807.0,60,0.0,2.2,976,1,6436.3,10,2,58,6609.856,0,0,0.0,0,0,0,0,0
5795,888,49,0,0,2,0,126981.0,0,0,15903.0,48,0.0,0.13,2314,1,381.01,5,3,36,390.818,0,0,0.0,0,0,0,0,2
5313,889,26,0,3,2,0,125809.0,0,0,304090.0,120,0.0,2.42,1079,1,2914.2,24,8,50,2820.51291666667,0,0,0.0,0,0,0,0,1
8125,891,37,0,1,2,0,97173.0,0,0,326773.0,60,0.0,3.36,2144,2,6263.15,17,6,28,6398.11117647059,0,0,0.0,0,60,11,21,1
6908,892,34,1,1,0,0,251809.0,0,0,45544.0,240,0.0,0.18,2477,1,218.23,13,8,51,218.743846153846,0,0,0.0,0,0,0,0,2
6023,893,65,0,2,2,0,267023.0,0,0,384357.0,24,0.0,1.44,2330,1,18417.11,14,6,48,17314.6335714286,0,0,0.0,0,0,0,0,1
6509,894,55,1,2,1,0,232018.0,0,0,275111.0,36,0.0,1.19,1455,1,8788.27,21,5,58,9260.92333333333,0,0,0.0,0,0,0,0,0
6860,895,65,0,2,1,0,159120.0,0,0,318127.0,60,0.0,2.0,1919,1,6097.43,8,3,47,6406.8475,0,0,0.0,0,0,0,0,1
9854,898,65,0,1,1,0,219051.0,0,0,63742.0,240,0.0,0.29,2585,1,305.43,20,7,54,296.0995,0,0,0.0,0,0,0,0,1
6564,900,56,1,3,2,0,253097.0,0,0,57459.0,36,0.0,0.23,1273,2,1835.5,10,3,58,1795.038,0,0,0.0,0,68,16,18,1
6277,903,31,1,0,2,0,127100.0,0,0,464139.0,48,0.0,3.65,1607,1,11120.0,18,8,49,11895.6866666667,0,0,0.0,0,0,0,0,1
9625,904,65,1,0,1,0,105645.0,0,0,431860.0,36,0.0,4.09,1251,1,13795.53,10,1,29,13891.296,0,0,0.0,0,0,0,0,0
8611,906,38,1,1,2,0,83816.0,0,0,8003075.0,24,0.0,95.48,1922,2,383480.68,20,5,54,385405.0225,0,0,0.0,0,55,12,16,0
7934,907,48,0,1,1,0,167423.0,0,0,16621.0,36,0.0,0.1,2514,1,530.95,19,4,58,510.605789473684,0,0,0.0,0,0,0,0,0
8061,908,28,1,3,2,0,239951.0,0,0,9372252.0,48,0.0,39.06,106,1,224543.54,11,4,57,215983.09,11,4,0.364,57,0,0,0,1
6701,909,52,1,3,2,0,193825.0,0,0,432382.0,6,0.0,2.23,715,1,82873.22,22,7,55,81097.2222727273,9,2,0.222,27,0,0,0,1
5761,910,30,0,1,2,0,209394.0,0,0,86728.0,60,0.0,0.41,881,1,1662.29,21,5,59,1640.75952380952,0,0,0.0,0,0,0,0,0
5520,911,39,0,1,1,0,48364.0,0,0,193488.0,36,0.0,4.0,1049,1,6180.87,9,5,46,6299.16555555556,0,0,0.0,0,0,0,0,1
7885,912,49,0,0,0,0,285339.0,0,0,2091857.0,240,0.0,7.33,2410,2,10023.48,15,2,25,9506.55666666667,0,0,0.0,0,79,17,22,0
8747,913,48,1,3,2,0,149292.0,0,0,23880.0,12,0.0,0.16,1593,1,2288.5,23,7,60,2322.32565217391,0,0,0.0,0,0,0,0,1
6475,914,49,0,2,2,0,150408.0,0,0,1818203.0,60,0.0,12.09,383,1,34848.89,16,6,52,34673.0725,16,6,0.375,52,0,0,0,1
6808,915,58,0,0,1,0,99915.0,0,0,9801829.0,24,0.0,98.1,2441,3,469670.97,10,6,50,461000.681,0,0,0.0,0,45,9,13,2
5962,916,50,0,3,1,0,222180.0,0,0,3332226.0,36,0.0,15.0,1541,1,106446.11,14,6,58,112193.478571429,0,0,0.0,0,0,0,0,1
8568,917,61,0,0,1,0,133932.0,0,0,9634671.0,24,0.0,71.94,416,3,461661.32,12,3,34,464083.819166667,10,3,0.3,34,53,9,14,0
5367,918,31,1,3,2,0,243600.0,0,0,23504.0,36,0.0,0.1,1968,2,750.82,26,5,58,770.26,0,0,0.0,0,58,10,12,0
6945,919,32,1,2,2,0,296827.0,0,0,4212164.0,36,0.0,14.19,2163,1,134555.24,18,5,52,134761.484444444,0,0,0.0,0,0,0,0,0
7414,920,58,0,0,2,0,165787.0,0,0,10870.0,60,0.0,0.07,213,1,208.34,23,8,55,212.781304347826,23,8,0.348,55,0,0,0,1
7447,921,37,1,3,2,0,296547.0,0,0,639505.0,48,0.0,2.16,1189,1,15321.47,18,3,39,15726.8094444444,0,0,0.0,0,0,0,0,0
6167,922,33,1,0,1,0,157979.0,0,0,451648.0,24,0.0,2.86,1858,1,21641.47,14,3,53,21685.4542857143,0,0,0.0,0,0,0,0,0
9310,923,39,1,3,1,0,52118.0,0,0,6448256.0,24,0.0,123.72,2037,2,308978.93,10,1,56,317352.16,0,0,0.0,0,63,11,18,0
6910,924,48,0,2,2,0,134284.0,0,0,251845.0,48,0.0,1.88,1935,2,6033.79,11,0,0,5988.12090909091,0,0,0.0,0,71,17,17,0
6050,925,65,1,2,1,0,141407.0,0,0,6934.0,240,0.0,0.05,537,2,33.23,14,4,52,32.5485714285714,8,4,0.5,52,51,11,8,0
6873,926,64,1,3,2,0,213811.0,0,0,1095660.0,24,0.0,5.12,1746,1,52500.38,5,2,45,56023.984,0,0,0.0,0,0,0,0,1
8621,928,44,0,3,0,0,292455.0,0,0,17385.0,24,0.0,0.06,948,1,833.03,19,6,44,833.184210526316,0,0,0.0,0,0,0,0,1
6295,930,57,1,2,2,0,25541.0,0,0,1868613.0,240,0.0,73.16,1823,2,8953.77,27,11,41,8975.74296296296,0,0,0.0,0,47,7,16,1
6186,931,30,0,0,0,0,82510.0,0,0,220460.0,12,0.0,2.67,1801,3,21127.42,9,4,48,22515.1455555556,0,0,0.0,0,61,8,16,1
9223,933,40,0,1,0,0,256698.0,0,0,24236.0,6,0.0,0.09,915,1,4645.23,6,3,50,4527.06333333333,0,0,0.0,0,0,0,0,1
6313,934,65,0,3,0,0,45079.0,0,0,119359.0,240,0.0,2.65,1953,1,571.93,13,4,57,592.570769230769,0,0,0.0,0,0,0,0,1
7582,936,50,0,0,0,0,226131.0,0,0,913421.0,240,0.0,4.04,2229,1,4376.81,6,1,12,4210.77333333333,0,0,0.0,0,0,0,0,0
5849,939,35,1,3,2,0,93234.0,0,0,474318.0,36,0.0,5.09,1666,2,15151.82,21,7,60,14999.6380952381,0,0,0.0,0,60,10,23,1
5325,940,50,0,3,1,0,251689.0,0,0,311943.0,120,0.0,1.24,126,1,2989.45,28,14,45,2966.06571428571,28,14,0.5,45,0,0,0,1
8930,941,58,0,2,1,0,150268.0,0,0,305533.0,48,0.0,2.03,1583,1,7320.06,14,3,60,7161.65785714286,0,0,0.0,0,0,0,0,0
5038,943,65,0,0,2,0,80506.0,0,0,5428.0,240,0.0,0.07,105,1,26.01,26,9,41,25.9396153846154,26,9,0.346,41,0,0,0,1
8729,944,34,0,1,1,0,256754.0,0,0,346168.0,240,0.0,1.35,2106,1,1658.72,13,4,45,1732.45076923077,0,0,0.0,0,0,0,0,1
7889,945,59,1,0,1,0,23812.0,0,0,282307.0,36,0.0,11.86,2354,1,9018.14,22,6,51,9098.74954545454,0,0,0.0,0,0,0,0,0
8555,946,51,0,3,2,0,148322.0,0,0,1119330.0,120,0.0,7.55,1684,1,10726.91,28,12,43,10365.64,0,0,0.0,0,0,0,0,1
8861,948,46,1,2,2,0,202503.0,0,0,39697.0,24,0.0,0.2,1384,2,1902.15,18,2,22,1881.59888888889,0,0,0.0,0,73,14,20,0
7998,949,34,0,2,1,0,68977.0,0,0,2153019.0,60,0.0,31.21,1898,1,41266.2,12,5,53,40261.4433333333,0,0,0.0,0,0,0,0,1
5709,950,40,0,2,2,0,161873.0,0,0,1377339.0,36,0.0,8.51,1143,2,43998.33,8,2,41,38650.19125,0,0,0.0,0,57,7,20,0
6251,951,46,0,3,0,0,117225.0,0,0,3589577.0,36,0.0,30.62,1275,1,114667.04,10,2,60,111885.514,0,0,0.0,0,0,0,0,0
5025,952,29,0,0,2,0,241803.0,0,0,9072.0,24,0.0,0.04,1653,2,434.7,13,3,40,421.963846153846,0,0,0.0,0,50,14,14,0
6779,953,51,0,0,2,0,170558.0,0,0,7602712.0,48,0.0,44.58,1171,1,182148.31,17,7,46,181608.597647059,0,0,0.0,0,0,0,0,1
5504,954,31,0,0,2,0,242500.0,0,0,295470.0,12,0.0,1.22,618,1,28315.88,19,5,58,27368.0705263158,9,3,0.333,40,0,0,0,0
8542,955,57,0,1,2,0,47351.0,0,0,162243.0,60,0.0,3.43,2223,1,3109.66,14,5,47,3270.94714285714,0,0,0.0,0,0,0,0,1
7799,956,36,1,2,0,0,89753.0,0,0,263915.0,24,0.0,2.94,2085,1,12645.93,16,5,58,12089.115625,0,0,0.0,0,0,0,0,1
9930,957,29,0,3,1,0,236620.0,0,0,1825919.0,60,0.0,7.72,1234,1,34996.78,5,1,26,33914.48,0,0,0.0,0,0,0,0,0
6784,958,31,1,0,1,0,173585.0,0,0,289958.0,6,0.0,1.67,206,1,55575.28,14,5,48,53576.2635714286,14,5,0.357,48,0,0,0,1
9122,959,62,1,0,1,0,36061.0,0,0,107550.0,12,0.0,2.98,428,1,10306.88,23,6,48,9960.69869565217,20,6,0.3,48,0,0,0,0
6222,960,50,0,1,2,0,233417.0,0,0,59417.0,60,0.0,0.25,371,1,1138.83,9,2,34,1115.93,9,2,0.222,34,0,0,0,0
8146,963,50,0,3,0,0,222301.0,0,0,5868668.0,24,0.0,26.4,410,2,281207.01,8,2,12,272146.72,6,1,0.167,2,42,8,11,0
9751,964,33,0,1,2,0,178265.0,0,0,1719737.0,120,0.0,9.65,1546,2,16480.81,15,5,53,15161.4453333333,0,0,0.0,0,58,12,22,1
5294,966,38,1,2,0,0,103835.0,0,0,234532.0,12,0.0,2.26,2283,1,22475.98,21,5,60,24219.7180952381,0,0,0.0,0,0,0,0,0
9041,967,61,1,1,1,0,208648.0,0,0,181320.0,60,0.0,0.87,1491,1,3475.3,21,7,56,3459.82142857143,0,0,0.0,0,0,0,0,1
6099,969,37,1,2,1,0,220790.0,0,0,38794.0,12,0.0,0.18,1431,2,3717.76,21,6,44,3746.2680952381,0,0,0.0,0,55,12,16,0
9390,970,61,0,2,1,0,94226.0,0,0,1265299.0,12,0.0,13.43,1815,1,121257.82,8,0,0,111966.7275,0,0,0.0,0,0,0,0,0
9070,971,50,0,0,1,0,113337.0,0,0,53065.0,60,0.0,0.47,1317,2,1017.08,25,11,56,1012.4488,0,0,0.0,0,55,11,18,1
5106,972,62,1,3,2,0,286920.0,0,0,27562.0,120,0.0,0.1,1650,1,264.14,11,2,19,264.417272727273,0,0,0.0,0,0,0,0,0
7045,974,61,0,2,2,0,95637.0,0,0,431191.0,36,0.0,4.51,302,1,13774.16,13,3,31,13753.5238461538,13,3,0.231,31,0,0,0,0
7805,975,33,1,0,1,0,148008.0,0,0,1354562.0,120,0.0,9.15,2119,2,12981.22,14,4,35,12180.4571428571,0,0,0.0,0,55,10,14,0
8393,977,57,0,3,2,0,269952.0,0,0,21881.0,6,0.0,0.08,559,2,4193.86,17,4,50,4185.60823529412,5,1,0.2,29,47,12,12,0
5349,978,63,0,0,0,0,222700.0,0,0,1165388.0,240,0.0,5.23,1519,3,5584.15,16,4,58,5630.41375,0,0,0.0,0,65,13,20,0
7360,979,34,0,1,1,0,295114.0,0,0,15982.0,240,0.0,0.05,1811,1,76.58,15,3,45,76.322,0,0,0.0,0,0,0,0,0
9064,980,51,0,2,1,0,179636.0,0,0,45612.0,60,0.0,0.25,1724,1,874.23,16,6,57,929.838125,0,0,0.0,0,0,0,0,1
9214,983,35,0,2,2,0,241430.0,0,0,373506.0,240,0.0,1.55,553,2,1789.72,12,4,36,1719.52833333333,1,1,1.0,34,62,14,19,1
6811,985,33,0,2,2,0,127249.0,0,0,8576197.0,240,0.0,67.4,1352,2,41094.28,25,11,59,42261.898,0,0,0.0,0,67,10,19,1
5077,986,62,1,3,2,0,143423.0,0,0,262677.0,6,0.0,1.83,2519,1,50346.42,23,6,59,50861.4065217391,0,0,0.0,0,0,0,0,0
9940,988,55,1,3,2,0,48146.0,0,0,39358.0,12,0.0,0.82,456,1,3771.81,10,3,59,3905.44,7,3,0.429,59,0,0,0,1
9007,989,57,1,3,1,0,183166.0,0,0,6317422.0,12,0.0,34.49,1388,1,605419.61,8,1,33,624223.77625,0,0,0.0,0,0,0,0,0
5438,991,57,1,0,2,0,37049.0,0,0,414513.0,48,0.0,11.19,2338,1,9931.04,12,3,55,9857.78166666667,0,0,0.0,0,0,0,0,0
8249,992,45,1,0,1,0,234211.0,0,0,448071.0,48,0.0,1.91,1639,1,10735.03,19,4,40,10671.7484210526,0,0,0.0,0,0,0,0,0
7111,993,52,1,3,1,0,70207.0,0,0,793856.0,12,0.0,11.31,1838,3,76077.87,8,1,4,71749.7125,0,0,0.0,0,48,14,20,0
8487,994,31,1,1,2,0,106994.0,0,0,7060.0,6,0.0,0.07,653,1,1353.17,7,2,44,1430.53,0,0,0.0,0,0,0,0,0
6993,995,60,0,1,1,0,76724.0,0,0,91214.0,24,0.0,1.19,209,1,4370.67,19,5,59,4459.40368421053,19,5,0.263,59,0,0,0,0
6771,996,51,0,0,1,0,246523.0,0,0,2538802.0,240,0.0,10.3,186,1,12165.09,14,5,46,11697.935,14,5,0.357,46,0,0,0,1
6070,997,32,0,3,2,0,134967.0,0,0,433526.0,60,0.0,3.21,2478,1,8309.25,17,3,50,8421.4505882353,0,0,0.0,0,0,0,0,0
5673,998,61,0,2,1,0,71350.0,0,0,33718.0,120,0.0,0.47,1611,2,323.13,12,5,55,330.196666666667,0,0,0.0,0,53,13,25,1
7607,999,33,0,1,0,0,288685.0,0,0,6948276.0,60,0.0,24.07,366,2,133175.29,4,1,4,140585.1225,4,1,0.25,4,50,15,19,0
9410,1001,46,0,1,2,0,52057.0,0,0,54073.0,48,0.0,1.04,47,1,1295.5,7,2,46,1309.47428571429,7,2,0.286,46,0,0,0,0
6716,1002,64,0,3,2,0,291212.0,0,0,29518.0,24,0.0,0.1,36,1,1414.4,13,6,52,1358.12384615385,13,6,0.462,52,0,0,0,1
5698,1003,47,1,3,0,0,33478.0,0,0,329299.0,240,0.0,9.84,738,3,1577.89,5,2,39,1509.124,0,0,0.0,0,61,4,19,1
7308,1005,41,1,2,1,0,112284.0,0,0,146451.0,120,0.0,1.3,345,1,1403.49,14,9,51,1387.51571428571,14,9,0.643,51,0,0,0,2
5579,1006,48,0,2,2,0,120336.0,0,0,30164.0,36,0.0,0.25,1714,3,963.57,13,6,51,939.806153846154,0,0,0.0,0,66,11,28,1
5090,1007,36,0,3,1,0,170568.0,0,0,34944.0,48,0.0,0.2,219,1,837.2,18,6,50,827.078888888889,18,6,0.333,50,0,0,0,1
6303,1008,49,0,1,1,0,120189.0,0,0,476391.0,120,0.0,3.96,458,3,4565.41,21,5,53,4574.54142857143,15,4,0.267,53,53,10,19,0
5415,1014,53,1,3,2,0,227584.0,0,0,24302.0,24,0.0,0.11,379,1,1164.47,8,1,4,1246.19625,8,1,0.125,4,0,0,0,0
7074,1015,43,1,3,2,0,169902.0,0,0,159850.0,240,0.0,0.94,1204,1,765.95,3,0,0,840.606666666667,0,0,0.0,0,0,0,0,0
6159,1016,26,1,2,2,0,49970.0,0,0,418085.0,6,0.0,8.37,1495,2,80132.96,6,3,59,77647.5633333333,0,0,0.0,0,57,14,20,1
6654,1017,40,0,3,2,0,150066.0,0,0,1763603.0,60,0.0,11.75,993,1,33802.39,22,8,60,32514.7327272727,0,0,0.0,0,0,0,0,1
9305,1018,38,1,1,1,0,261623.0,0,0,456885.0,120,0.0,1.75,967,2,4378.48,9,3,41,4400.35777777778,0,0,0.0,0,72,17,21,1
9245,1019,27,1,1,2,0,77669.0,0,0,6115680.0,12,0.0,78.74,1695,1,586086.0,19,5,53,602630.97,0,0,0.0,0,0,0,0,0
5776,1020,29,0,3,0,0,275314.0,0,0,1295891.0,120,0.0,4.71,1764,2,12418.96,9,4,59,12011.9377777778,0,0,0.0,0,58,13,18,1
7373,1023,32,1,1,1,0,176676.0,0,0,2923602.0,24,0.0,16.55,984,1,140089.26,5,0,0,144168.732,0,0,0.0,0,0,0,0,0
8805,1024,52,1,1,0,0,123655.0,0,0,49960.0,60,0.0,0.4,2176,2,957.57,23,5,53,922.627826086956,0,0,0.0,0,55,13,14,0
5477,1025,27,0,3,2,0,277445.0,0,0,265696.0,6,0.0,0.96,2436,1,50925.07,21,6,55,49533.7290476191,0,0,0.0,0,0,0,0,0
7878,1026,50,0,3,2,0,33833.0,0,0,346555.0,24,0.0,10.24,1090,2,16605.76,8,3,52,17492.48125,0,0,0.0,0,50,14,15,1
5205,1027,60,0,0,2,0,196760.0,0,0,6085529.0,6,0.0,30.93,1163,2,1166393.06,20,5,48,1169691.2095,0,0,0.0,0,64,8,16,0
6748,1028,57,0,2,1,0,298934.0,0,0,3463566.0,240,0.0,11.59,1545,2,16596.25,17,4,55,17419.3305882353,0,0,0.0,0,50,9,10,0
9724,1029,51,0,3,2,0,113452.0,0,0,440897.0,12,0.0,3.89,329,1,42252.63,4,0,0,41638.4075,4,0,0.0,0,0,0,0,0
7690,1030,64,0,3,2,0,280794.0,0,0,5719531.0,240,0.0,20.37,2445,1,27406.09,17,3,31,26984.3247058824,0,0,0.0,0,0,0,0,0
6830,1031,48,0,3,1,0,198901.0,0,0,654492.0,12,0.0,3.29,1998,1,62722.15,10,3,58,60774.601,0,0,0.0,0,0,0,0,1
6314,1032,50,1,1,2,0,61793.0,0,0,1219537.0,48,0.0,19.74,796,2,29218.07,9,3,39,28408.8922222222,0,0,0.0,0,52,14,10,1
8524,1033,49,1,0,2,0,148533.0,0,0,8730.0,48,0.0,0.06,1018,2,209.16,7,4,32,208.271428571429,0,0,0.0,0,61,9,21,1
7658,1035,51,1,2,2,0,136686.0,0,0,1042138.0,120,0.0,7.62,2327,3,9987.16,11,4,52,9930.12909090909,0,0,0.0,0,58,13,25,1
8257,1036,60,1,1,1,0,32120.0,0,0,415459.0,24,0.0,12.93,933,1,19907.41,10,1,16,19482.126,0,0,0.0,0,0,0,0,0
8430,1037,55,0,1,2,0,205548.0,0,0,245684.0,12,0.0,1.2,846,1,23544.72,22,9,53,23339.9654545455,0,0,0.0,0,0,0,0,1
5607,1038,36,1,0,0,0,289347.0,0,0,337692.0,120,0.0,1.17,2282,1,3236.22,19,3,41,3078.61578947368,0,0,0.0,0,0,0,0,0
7979,1039,58,0,1,2,0,66473.0,0,0,6132.0,12,0.0,0.09,1686,2,587.65,11,4,47,609.880909090909,0,0,0.0,0,65,8,18,1
9132,1041,42,0,1,2,0,161660.0,0,0,6654.0,60,0.0,0.04,617,1,127.54,27,5,51,128.335925925926,11,2,0.182,51,0,0,0,0
8357,1042,60,0,3,2,0,283599.0,0,0,46525.0,48,0.0,0.16,373,2,1114.66,21,7,53,1062.09142857143,21,7,0.333,53,57,13,19,1
6469,1043,34,1,3,2,0,248174.0,0,0,234217.0,120,0.0,0.94,1889,1,2244.58,10,3,58,2315.939,0,0,0.0,0,0,0,0,1
7201,1044,27,1,3,1,0,215021.0,0,0,1434793.0,240,0.0,6.67,1064,1,6875.05,6,0,0,6902.25,0,0,0.0,0,0,0,0,0
8136,1045,55,1,1,0,0,267751.0,0,0,125905.0,60,0.0,0.47,708,2,2413.18,11,2,49,2415.84454545455,0,0,0.0,0,66,13,18,0
8852,1046,41,1,1,2,0,188201.0,0,0,627240.0,48,0.0,3.33,1100,1,15027.62,10,4,54,15780.636,0,0,0.0,0,0,0,0,1
6821,1047,31,1,2,0,0,264959.0,0,0,45559.0,6,0.0,0.17,1214,1,8732.14,13,3,32,8753.54846153846,0,0,0.0,0,0,0,0,0
5207,1048,47,0,0,2,0,117968.0,0,0,496118.0,36,0.0,4.21,314,1,15848.21,8,1,53,16692.20375,8,1,0.125,53,0,0,0,0
7493,1049,27,0,3,2,0,72638.0,0,0,3433106.0,6,0.0,47.26,2138,2,658011.98,22,4,44,683922.585454545,0,0,0.0,0,46,10,13,0
5632,1050,35,1,0,1,0,277557.0,0,0,366115.0,36,0.0,1.32,477,3,11695.34,20,5,50,12036.017,15,4,0.267,50,45,6,16,0
6961,1051,29,0,3,2,0,177015.0,0,0,3977423.0,24,0.0,22.47,782,1,190584.85,13,2,3,195279.248461538,0,0,0.0,0,0,0,0,0
9330,1052,34,1,0,1,0,75219.0,0,0,346580.0,6,0.0,4.61,1656,1,66427.83,21,10,58,67370.4761904762,0,0,0.0,0,0,0,0,1
5842,1056,49,0,0,2,0,60321.0,0,0,47209.0,12,0.0,0.78,2488,1,4524.2,7,1,11,4152.98142857143,0,0,0.0,0,0,0,0,0
6853,1057,44,0,3,1,0,241502.0,0,0,1480703.0,120,0.0,6.13,2242,1,14190.07,3,1,6,13068.14,0,0,0.0,0,0,0,0,1
9744,1058,29,0,1,2,0,108549.0,0,0,334923.0,12,0.0,3.09,510,1,32096.79,14,4,56,30970.4835714286,7,2,0.286,52,0,0,0,0
5498,1059,56,0,0,2,0,270247.0,0,0,21066.0,48,0.0,0.08,1959,2,504.71,21,5,56,520.653333333333,0,0,0.0,0,41,8,12,0
6230,1060,26,0,3,1,0,97872.0,0,0,9689460.0,36,0.0,99.0,477,3,309524.42,19,6,60,312779.757368421,15,5,0.333,43,46,6,14,1
9848,1061,50,1,0,2,0,74175.0,0,0,8596146.0,24,0.0,115.89,938,2,411898.66,19,6,49,437762.931578947,0,0,0.0,0,58,19,11,1
5392,1062,57,0,0,1,0,297000.0,0,0,351429.0,36,0.0,1.18,312,1,11226.2,20,7,60,11230.52,20,7,0.35,60,0,0,0,1
7647,1063,46,0,3,1,0,253130.0,0,0,720709.0,60,0.0,2.85,803,1,13813.59,19,3,56,13340.2557894737,3,1,0.333,26,0,0,0,0
6903,1064,42,1,1,1,0,35439.0,0,0,370558.0,48,0.0,10.46,2290,2,8877.95,25,6,57,9039.4056,0,0,0.0,0,62,11,18,0
7220,1065,28,1,0,0,0,248195.0,0,0,12511.0,60,0.0,0.05,149,2,239.79,15,7,58,245.386,15,7,0.467,58,66,13,16,1
5052,1066,41,1,0,1,0,156921.0,0,0,274839.0,120,0.0,1.75,2144,1,2633.87,20,6,53,2580.747,0,0,0.0,0,0,0,0,1
8969,1069,45,0,1,2,0,145264.0,0,0,256639.0,48,0.0,1.77,809,2,6148.64,17,2,57,6100.03941176471,0,0,0.0,0,58,17,15,0
9255,1070,52,1,0,1,0,212498.0,0,0,34109.0,120,0.0,0.16,1014,2,326.88,23,5,55,326.702173913043,0,0,0.0,0,67,10,23,0
5114,1071,50,0,3,1,0,128781.0,0,0,2371277.0,60,0.0,18.41,800,1,45449.48,12,6,51,44140.83,0,0,0.0,0,0,0,0,1
8271,1073,36,0,0,0,0,95796.0,0,0,165233.0,48,0.0,1.72,1715,1,3958.71,17,5,45,4214.56176470588,0,0,0.0,0,0,0,0,0
6715,1074,56,1,0,2,0,25603.0,0,0,30210.0,6,0.0,1.18,1394,1,5790.25,7,3,58,5913.92571428572,0,0,0.0,0,0,0,0,1
7581,1075,55,1,2,2,0,170166.0,0,0,1952749.0,240,0.0,11.48,1371,1,9356.92,15,3,60,9067.052,0,0,0.0,0,0,0,0,0
8680,1076,51,0,1,1,0,29767.0,0,0,481096.0,120,0.0,16.16,582,1,4610.5,9,6,34,4371.67333333333,0,0,0.0,0,0,0,0,2
8601,1077,47,1,2,1,0,137427.0,0,0,407020.0,48,0.0,2.96,2480,1,9751.52,21,7,59,9728.34428571429,0,0,0.0,0,0,0,0,1
6261,1078,35,1,2,1,0,276222.0,0,0,5358337.0,24,0.0,19.4,1535,1,256753.65,15,5,49,244936.026666667,0,0,0.0,0,0,0,0,1
9624,1079,25,0,1,2,0,232998.0,0,0,3129619.0,24,0.0,13.43,799,1,149960.91,17,8,51,145803.068823529,2,2,1.0,31,0,0,0,1
5757,1080,61,1,1,2,0,37981.0,0,0,1451524.0,120,0.0,38.22,2382,1,13910.44,19,11,54,12988.9578947368,0,0,0.0,0,0,0,0,1
5378,1081,49,1,1,0,0,89656.0,0,0,9084324.0,24,0.0,101.32,2421,2,435290.52,17,6,57,406070.523529412,0,0,0.0,0,70,21,23,1
9795,1084,46,0,0,0,0,296422.0,0,0,102844.0,240,0.0,0.35,1043,1,492.79,8,1,14,531.51375,0,0,0.0,0,0,0,0,0
8629,1086,53,0,2,1,0,56348.0,0,0,142821.0,120,0.0,2.53,1505,1,1368.7,8,2,41,1371.875,0,0,0.0,0,0,0,0,0
9627,1087,58,1,3,0,0,257260.0,0,0,140268.0,48,0.0,0.55,1585,2,3360.59,23,5,59,3201.13391304348,0,0,0.0,0,62,9,15,0
5917,1088,50,0,1,2,0,256024.0,0,0,286596.0,48,0.0,1.12,362,1,6866.36,8,0,0,7160.88,8,0,0.0,0,0,0,0,0
5192,1089,44,0,1,1,0,135907.0,0,0,1313499.0,36,0.0,9.66,1021,1,41959.0,24,9,59,41255.4516666667,0,0,0.0,0,0,0,0,1
8860,1090,64,1,0,1,0,84321.0,0,0,254861.0,12,0.0,3.02,447,1,24424.18,6,2,35,21005.3983333333,3,1,0.333,35,0,0,0,1
5690,1091,38,1,1,2,0,41112.0,0,0,455516.0,60,0.0,11.08,1049,2,8730.72,7,2,15,8782.89428571428,0,0,0.0,0,56,7,21,0
7385,1092,32,0,3,1,0,204758.0,0,0,1410839.0,120,0.0,6.89,1099,2,13520.54,25,7,55,13306.5392,0,0,0.0,0,71,13,22,0
5057,1093,55,1,1,2,0,85445.0,0,0,8912690.0,120,0.0,104.31,410,1,85413.28,11,7,58,79672.7818181818,11,7,0.636,58,0,0,0,2
6959,1094,59,0,2,2,0,163864.0,0,0,5863500.0,240,0.0,35.78,1211,1,28095.94,14,6,55,28325.2935714286,0,0,0.0,0,0,0,0,1
6025,1095,27,0,0,2,0,224113.0,0,0,45935.0,12,0.0,0.2,2340,1,4402.1,6,1,7,4771.07666666667,0,0,0.0,0,0,0,0,0
9856,1097,45,0,2,2,0,164209.0,0,0,427501.0,120,0.0,2.6,2062,1,4096.88,15,4,58,4252.66266666667,0,0,0.0,0,0,0,0,0
7703,1099,64,0,3,0,0,240300.0,0,0,781043.0,48,0.0,3.25,293,1,18712.49,5,4,59,19614.2,5,4,0.8,59,0,0,0,2
8251,1100,38,1,1,2,0,269593.0,0,0,8429405.0,240,0.0,31.27,1097,1,40390.9,20,9,55,39970.4355,0,0,0.0,0,0,0,0,1
7671,1101,44,1,3,0,0,115592.0,0,0,3669495.0,36,0.0,31.75,327,1,117219.98,22,7,60,115325.406363636,22,7,0.318,60,0,0,0,1
5689,1102,58,1,1,1,0,86561.0,0,0,8032749.0,36,0.0,92.8,1485,1,256601.7,22,6,60,263525.866363636,0,0,0.0,0,0,0,0,0
7452,1103,45,0,3,1,0,133812.0,0,0,43758.0,36,0.0,0.33,623,1,1397.82,24,10,60,1395.51916666667,11,5,0.455,57,0,0,0,1
6658,1105,57,0,1,2,0,268473.0,0,0,36775.0,36,0.0,0.14,279,1,1174.76,12,2,58,1136.3825,12,2,0.167,58,0,0,0,0
9222,1106,31,0,3,2,0,157593.0,0,0,37036.0,6,0.0,0.24,1904,1,7098.57,15,6,60,6926.45533333333,0,0,0.0,0,0,0,0,1
7120,1107,50,0,2,2,0,236879.0,0,0,45043.0,240,0.0,0.19,687,1,215.83,3,1,19,226.9,0,0,0.0,0,0,0,0,1
6807,1108,39,0,2,0,0,164573.0,0,0,1876849.0,24,0.0,11.4,1538,1,89932.35,16,8,55,89916.83,0,0,0.0,0,0,0,0,1
9105,1109,36,0,0,2,0,22350.0,0,0,276577.0,24,0.0,12.37,2588,1,13252.65,13,1,9,13219.3284615385,0,0,0.0,0,0,0,0,0
7530,1110,58,1,1,2,0,256393.0,0,0,562198.0,240,0.0,2.19,1672,2,2693.87,15,4,39,2662.92866666667,0,0,0.0,0,59,13,20,0
8886,1111,54,0,2,1,0,98154.0,0,0,273829.0,36,0.0,2.79,307,2,8747.32,20,6,40,8601.1135,20,6,0.3,40,53,9,25,1
7834,1112,33,1,0,0,0,124577.0,0,0,1778524.0,12,0.0,14.28,220,1,170441.88,7,4,52,160047.457142857,7,4,0.571,52,0,0,0,1
8019,1116,58,1,0,2,0,33528.0,0,0,486479.0,240,0.0,14.51,655,2,2331.05,24,11,55,2286.7725,7,5,0.714,55,56,13,14,1
5965,1117,54,0,2,0,0,87264.0,0,0,90089.0,60,0.0,1.03,1210,3,1726.71,13,3,58,1720.76461538462,0,0,0.0,0,63,13,25,0
9112,1120,41,1,0,2,0,213583.0,0,0,7245195.0,12,0.0,33.92,1176,1,694331.19,13,4,40,682075.309230769,0,0,0.0,0,0,0,0,1
6142,1122,50,1,1,2,0,185620.0,0,0,411713.0,36,0.0,2.22,1161,2,13151.94,10,1,43,12578.841,0,0,0.0,0,58,17,20,0
9202,1123,26,1,1,1,0,80621.0,0,0,9294031.0,24,0.0,115.28,1154,1,445338.99,13,2,46,431082.676153846,0,0,0.0,0,0,0,0,0
6315,1124,28,0,1,1,0,103916.0,0,0,1938231.0,6,0.0,18.65,1784,1,371494.28,19,5,40,363748.952105263,0,0,0.0,0,0,0,0,0
5716,1125,44,1,0,2,0,284065.0,0,0,144341.0,24,0.0,0.51,1651,2,6916.34,9,3,47,6540.35777777778,0,0,0.0,0,47,4,12,1
6731,1126,34,1,1,0,0,22557.0,0,0,741765.0,12,0.0,32.88,1929,1,71085.81,19,2,46,69313.1142105263,0,0,0.0,0,0,0,0,0
7272,1128,57,0,0,0,0,73941.0,0,0,47669.0,60,0.0,0.64,1051,1,913.66,17,3,54,905.576470588235,0,0,0.0,0,0,0,0,0
8050,1129,58,1,3,2,0,71506.0,0,0,474984.0,6,0.0,6.64,1052,1,91038.6,8,1,57,92674.3325,0,0,0.0,0,0,0,0,0
8579,1132,53,0,3,0,0,137622.0,0,0,5297578.0,48,0.0,38.49,2511,1,126921.14,23,10,58,126912.989565217,0,0,0.0,0,0,0,0,1
7142,1133,65,0,2,2,0,272428.0,0,0,366914.0,120,0.0,1.35,1003,1,3516.26,18,3,53,3450.45944444444,0,0,0.0,0,0,0,0,0
7058,1135,25,1,2,0,0,177279.0,0,0,5132661.0,6,0.0,28.95,1831,1,983760.02,18,6,44,954888.741111111,0,0,0.0,0,0,0,0,1
9835,1137,52,1,2,1,0,29576.0,0,0,134295.0,120,0.0,4.54,2392,2,1286.99,12,5,53,1310.96083333333,0,0,0.0,0,50,17,14,1
7374,1139,42,1,2,2,0,262351.0,0,0,239128.0,24,0.0,0.91,1590,1,11458.22,25,5,57,11370.2496,0,0,0.0,0,0,0,0,0
6790,1140,42,0,3,2,0,155871.0,0,0,1326857.0,6,0.0,8.51,1695,1,254314.26,9,4,54,260887.358888889,0,0,0.0,0,0,0,0,1
6951,1142,32,0,3,1,0,42063.0,0,0,701271.0,120,0.0,16.67,428,1,6720.51,10,1,32,6446.281,6,1,0.167,32,0,0,0,0
9288,1145,27,1,3,2,0,46625.0,0,0,6396355.0,24,0.0,137.19,1839,2,306492.01,6,2,55,335549.49,0,0,0.0,0,67,9,20,1
6761,1147,57,1,0,2,0,20257.0,0,0,9890772.0,12,0.0,488.26,1220,1,947865.65,11,3,23,987038.742727273,0,0,0.0,0,0,0,0,0
7993,1148,61,1,1,2,0,222013.0,0,0,815921.0,120,0.0,3.68,1524,1,7819.24,8,0,0,7949.21625,0,0,0.0,0,0,0,0,0
7210,1149,41,1,1,2,0,53606.0,0,0,305580.0,6,0.0,5.7,2476,1,58569.5,20,4,46,57837.2775,0,0,0.0,0,0,0,0,0
9024,1151,59,0,0,2,0,168264.0,0,0,4236576.0,36,0.0,25.18,1920,2,135335.07,12,4,55,138787.710833333,0,0,0.0,0,59,14,15,1
8316,1152,31,1,2,2,0,291785.0,0,0,328378.0,12,0.0,1.13,1163,1,31469.56,15,3,33,31022.21,0,0,0.0,0,0,0,0,0
7611,1153,57,1,1,1,0,221401.0,0,0,490322.0,24,0.0,2.21,52,1,23494.6,13,4,50,24460.9646153846,13,4,0.308,50,0,0,0,1
5285,1154,43,0,2,2,0,234498.0,0,0,460749.0,60,0.0,1.96,1006,1,8831.02,23,8,58,8682.97217391304,0,0,0.0,0,0,0,0,1
8713,1155,56,0,3,0,0,198350.0,0,0,5920384.0,48,0.0,29.85,1305,1,141842.53,19,5,46,146278.387894737,0,0,0.0,0,0,0,0,0
8765,1157,30,1,0,1,0,99955.0,0,0,391988.0,36,0.0,3.92,221,1,12521.84,21,5,53,12483.340952381,21,5,0.238,53,0,0,0,0
6019,1158,28,1,3,2,0,257077.0,0,0,48125.0,24,0.0,0.19,104,2,2305.99,13,7,50,2108.41461538462,13,7,0.538,50,71,17,23,1
9647,1159,56,1,2,2,0,92494.0,0,0,399088.0,120,0.0,4.31,424,1,3824.59,14,0,0,3821.61642857143,11,0,0.0,0,0,0,0,0
8912,1160,46,0,0,0,0,60124.0,0,0,195860.0,240,0.0,3.26,2561,1,938.5,22,6,44,903.4,0,0,0.0,0,0,0,0,0
7343,1161,32,0,2,2,0,147605.0,0,0,340080.0,60,0.0,2.3,1919,2,6518.2,5,2,7,7312.712,0,0,0.0,0,49,12,15,1
7866,1163,52,1,1,1,0,201064.0,0,0,15595.0,6,0.0,0.08,1196,1,2989.04,4,0,0,3116.5325,0,0,0.0,0,0,0,0,0
5778,1165,58,1,2,2,0,69787.0,0,0,16354.0,36,0.0,0.23,74,1,522.42,21,5,46,524.72380952381,21,5,0.238,46,0,0,0,0
7951,1167,25,0,0,2,0,251807.0,0,0,37991.0,12,0.0,0.15,1062,2,3640.8,6,3,45,3493.835,0,0,0.0,0,41,8,13,1
5549,1168,51,1,3,2,0,271770.0,0,0,284594.0,60,0.0,1.05,147,1,5454.72,3,3,47,5203.14333333333,3,3,1.0,47,0,0,0,2
5256,1169,44,1,3,1,0,110791.0,0,0,493548.0,48,0.0,4.45,2414,1,11824.59,23,10,58,12107.3047826087,0,0,0.0,0,0,0,0,1
5041,1170,30,0,0,1,0,48994.0,0,0,35091.0,120,0.0,0.72,564,1,336.29,14,3,57,333.380714285714,2,0,0.0,0,0,0,0,0
7446,1172,58,1,1,2,0,298159.0,0,0,253331.0,24,0.0,0.85,1385,1,12138.78,11,4,48,12238.8954545455,0,0,0.0,0,0,0,0,1
5126,1173,61,1,1,2,0,172698.0,0,0,9034893.0,24,0.0,52.32,994,1,432921.96,20,7,44,437218.8785,0,0,0.0,0,0,0,0,1
9401,1174,56,0,0,2,0,122078.0,0,0,491594.0,12,0.0,4.03,2149,1,47111.09,7,2,47,44980.9557142857,0,0,0.0,0,0,0,0,0
5637,1175,40,0,0,0,0,233805.0,0,0,6562234.0,24,0.0,28.07,523,1,314440.38,12,1,45,317264.601666667,3,1,0.333,45,0,0,0,0
8435,1176,60,1,3,2,0,97310.0,0,0,7951927.0,6,0.0,81.72,388,1,1524119.34,10,5,52,1419236.661,10,5,0.5,52,0,0,0,1
7411,1177,50,1,1,0,0,271997.0,0,0,4533093.0,120,0.0,16.67,1707,2,43442.14,17,6,50,42741.9076470588,0,0,0.0,0,57,15,16,1
5274,1178,34,1,2,0,0,45179.0,0,0,3369606.0,48,0.0,74.58,2403,1,80730.14,12,3,56,83419.5283333333,0,0,0.0,0,0,0,0,0
7958,1180,52,0,1,1,0,221148.0,0,0,812011.0,24,0.0,3.67,2233,3,38908.86,12,6,55,37925.8658333333,0,0,0.0,0,59,10,20,1
9906,1181,41,0,3,1,0,231605.0,0,0,83364.0,48,0.0,0.36,2387,1,1997.26,16,2,36,1918.298125,0,0,0.0,0,0,0,0,0
8464,1182,65,0,1,0,0,271093.0,0,0,23362.0,36,0.0,0.09,1405,2,746.29,20,5,52,750.665,0,0,0.0,0,70,9,25,0
7800,1184,60,1,0,0,0,22349.0,0,0,298543.0,36,0.0,13.36,650,2,9536.79,21,8,54,9132.45857142857,6,3,0.5,54,68,17,28,1
6155,1185,39,1,2,0,0,138848.0,0,0,374702.0,240,0.0,2.7,586,1,1795.45,10,2,50,1736.028,1,1,1.0,50,0,0,0,0
9725,1187,26,1,1,1,0,238418.0,0,0,18678.0,12,0.0,0.08,1582,2,1789.98,17,4,49,1786.33588235294,0,0,0.0,0,59,11,20,0
6478,1189,32,0,0,1,0,162128.0,0,0,858544.0,6,0.0,5.3,1768,2,164554.27,20,3,52,165577.9655,0,0,0.0,0,71,13,19,0
7580,1191,44,1,3,1,0,255439.0,0,0,340010.0,240,0.0,1.33,1037,1,1629.21,22,7,60,1654.24545454545,0,0,0.0,0,0,0,0,1
9232,1192,42,0,0,2,0,47543.0,0,0,5364569.0,60,0.0,112.84,2059,1,102820.91,21,5,60,100184.518095238,0,0,0.0,0,0,0,0,0
9866,1193,26,0,2,2,0,299837.0,0,0,12446.0,60,0.0,0.04,2535,1,238.55,18,6,30,249.242777777778,0,0,0.0,0,0,0,0,1
5990,1194,40,0,3,1,0,218559.0,0,0,560606.0,24,0.0,2.57,2393,1,26862.37,16,7,53,26573.299375,0,0,0.0,0,0,0,0,1
8554,1195,42,1,1,1,0,218665.0,0,0,1063832.0,240,0.0,4.87,1424,1,5097.53,24,10,43,5192.18833333333,0,0,0.0,0,0,0,0,1
7014,1196,27,0,2,1,0,91852.0,0,0,315851.0,6,0.0,3.44,2145,1,60538.11,11,6,56,59277.3090909091,0,0,0.0,0,0,0,0,1
6189,1197,34,1,2,1,0,60752.0,0,0,36284.0,60,0.0,0.6,1007,1,695.44,8,4,48,718.20875,0,0,0.0,0,0,0,0,1
8753,1198,54,1,1,1,0,133779.0,0,0,1433866.0,120,0.0,10.72,1535,2,13741.22,13,1,3,14303.3853846154,0,0,0.0,0,54,11,19,0
8469,1199,54,1,2,2,0,106018.0,0,0,2936709.0,120,0.0,27.7,1403,3,28143.46,25,7,60,27878.4064,0,0,0.0,0,61,16,14,0
7626,1200,53,0,0,0,0,149337.0,0,0,1964377.0,24,0.0,13.15,809,1,94126.4,14,5,50,97153.4257142857,0,0,0.0,0,0,0,0,1
8993,1201,32,0,2,1,0,152195.0,0,0,7168.0,12,0.0,0.05,777,2,686.93,10,4,59,703.946,0,0,0.0,0,56,15,14,1
7745,1202,30,0,1,0,0,239237.0,0,0,128826.0,60,0.0,0.54,1466,2,2469.16,5,0,0,2511.592,0,0,0.0,0,55,12,21,0
7606,1203,62,0,2,2,0,264510.0,0,0,422865.0,60,0.0,1.6,857,1,8104.91,16,3,60,8295.153125,0,0,0.0,0,0,0,0,0
7531,1204,46,1,3,0,0,98665.0,0,0,1649075.0,6,0.0,16.71,2081,1,316072.71,24,8,31,326661.8875,0,0,0.0,0,0,0,0,1
6863,1205,25,0,0,0,0,177208.0,0,0,1635413.0,36,0.0,9.23,2115,2,52242.36,8,3,59,53316.575,0,0,0.0,0,58,10,20,1
6772,1206,43,0,0,0,0,256732.0,0,0,435214.0,48,0.0,1.7,67,1,10427.0,2,0,0,8561.845,2,0,0.0,0,0,0,0,0
9138,1207,63,0,2,2,0,198133.0,0,0,46645.0,240,0.0,0.24,1318,1,223.51,11,4,56,233.263636363636,0,0,0.0,0,0,0,0,1
8658,1208,46,0,3,2,0,118549.0,0,0,147517.0,120,0.0,1.24,1680,2,1413.7,25,6,29,1404.4712,0,0,0.0,0,57,8,15,0
9393,1210,63,1,3,0,0,42420.0,0,0,216276.0,120,0.0,5.1,778,1,2072.64,8,1,27,1887.42875,0,0,0.0,0,0,0,0,0
7888,1213,50,1,0,1,0,83149.0,0,0,2707438.0,6,0.0,32.56,1647,1,518925.62,12,3,38,515225.9975,0,0,0.0,0,0,0,0,0
6640,1214,50,0,0,2,0,252441.0,0,0,262878.0,12,0.0,1.04,1688,1,25192.48,20,2,26,26223.4575,0,0,0.0,0,0,0,0,0
5687,1220,51,1,3,1,0,50387.0,0,0,308998.0,24,0.0,6.13,867,2,14806.15,22,5,57,14934.875,1,1,1.0,57,57,13,19,0
9315,1221,61,0,3,0,0,117862.0,0,0,8990287.0,48,0.0,76.28,632,1,215392.29,22,9,58,212946.686363636,11,6,0.545,58,0,0,0,1
7989,1222,40,0,1,1,0,177610.0,0,0,852240.0,240,0.0,4.8,1977,1,4083.65,16,5,53,4232.328125,0,0,0.0,0,0,0,0,1
6497,1223,41,0,1,2,0,100667.0,0,0,349940.0,6,0.0,3.48,361,1,67071.83,16,4,36,66351.894375,16,4,0.25,36,0,0,0,0
6736,1224,32,0,3,0,0,92234.0,0,0,1064135.0,48,0.0,11.54,1953,1,25494.9,18,3,44,25313.4205555556,0,0,0.0,0,0,0,0,0
9659,1225,33,1,3,1,0,206132.0,0,0,18969.0,36,0.0,0.09,246,1,605.95,12,0,0,601.296666666667,12,0,0.0,0,0,0,0,0
6918,1226,38,1,0,1,0,240198.0,0,0,692991.0,60,0.0,2.89,1572,1,13282.33,13,2,48,13694.6176923077,0,0,0.0,0,0,0,0,0
5994,1227,65,0,0,2,0,223810.0,0,0,160917.0,24,0.0,0.72,2569,1,7710.61,17,5,58,7947.55705882353,0,0,0.0,0,0,0,0,0
9993,1228,34,1,1,0,0,51055.0,0,0,702367.0,24,0.0,13.76,261,1,33655.09,21,5,58,32874.0904761905,21,5,0.238,58,0,0,0,0
5827,1230,46,0,0,1,0,210398.0,0,0,453341.0,240,0.0,2.15,1663,3,2172.26,9,4,47,2274.25555555556,0,0,0.0,0,54,13,15,1
9110,1231,28,1,3,0,0,58526.0,0,0,2706231.0,12,0.0,46.24,1418,2,259347.14,15,2,53,262462.456666667,0,0,0.0,0,77,19,25,0
8168,1232,62,1,2,1,0,233693.0,0,0,48567.0,120,0.0,0.21,1195,1,465.43,14,5,44,468.657142857143,0,0,0.0,0,0,0,0,1
5281,1235,28,1,2,2,0,293098.0,0,0,4637852.0,240,0.0,15.82,650,1,22223.04,24,11,51,23159.4916666667,8,5,0.625,41,0,0,0,1
8874,1236,53,0,2,1,0,68430.0,0,0,182267.0,36,0.0,2.66,2125,1,5822.42,12,3,60,5902.16583333333,0,0,0.0,0,0,0,0,0
9144,1238,41,0,0,1,0,228695.0,0,0,275869.0,48,0.0,1.21,2530,1,6609.36,16,8,54,6615.695625,0,0,0.0,0,0,0,0,1
7118,1239,52,0,3,1,0,138871.0,0,0,100605.0,240,0.0,0.72,1682,1,482.07,14,7,49,486.930714285714,0,0,0.0,0,0,0,0,1
7301,1240,41,0,1,1,0,33934.0,0,0,384733.0,12,0.0,11.34,1025,1,36870.25,21,10,56,37479.3104761905,0,0,0.0,0,0,0,0,1
5745,1241,28,1,0,2,0,242379.0,0,0,607705.0,240,0.0,2.51,2493,1,2911.92,21,4,43,2951.87285714286,0,0,0.0,0,0,0,0,0
9478,1243,47,1,2,1,0,127929.0,0,0,426919.0,48,0.0,3.34,290,1,10228.27,18,6,34,10089.7777777778,18,6,0.333,34,0,0,0,1
9847,1245,46,0,1,0,0,44676.0,0,0,571189.0,48,0.0,12.79,380,1,13684.74,27,12,52,13556.7988888889,27,12,0.444,52,0,0,0,1
6832,1246,62,0,0,1,0,79045.0,0,0,25933.0,24,0.0,0.33,2475,1,1242.62,9,2,47,1289.27222222222,0,0,0.0,0,0,0,0,0
5379,1247,31,0,3,1,0,285112.0,0,0,44038.0,6,0.0,0.15,1245,1,8440.62,8,1,40,8904.395,0,0,0.0,0,0,0,0,0
7557,1249,42,1,1,1,0,188580.0,0,0,1108178.0,6,0.0,5.88,1444,1,212400.78,20,3,24,211948.729,0,0,0.0,0,0,0,0,0
9714,1250,40,0,0,0,0,95340.0,0,0,487264.0,60,0.0,5.11,2230,2,9339.23,16,5,34,9048.185625,0,0,0.0,0,51,11,14,1
9918,1251,51,1,3,1,0,159577.0,0,0,1001596.0,240,0.0,6.28,539,1,4799.31,20,9,57,4677.4335,10,5,0.5,57,0,0,0,1
6974,1252,56,1,2,2,0,101058.0,0,0,482754.0,24,0.0,4.78,899,2,23131.96,14,1,23,23675.2028571429,0,0,0.0,0,67,13,17,0
8358,1255,50,0,3,0,0,268718.0,0,0,373142.0,120,0.0,1.39,484,2,3575.94,11,3,57,3575.06363636364,4,1,0.25,43,42,8,14,0
6345,1256,30,1,3,1,0,125589.0,0,0,1780072.0,12,0.0,14.17,612,2,170590.23,18,5,32,172855.571111111,4,0,0.0,0,68,15,16,0
8897,1257,51,0,1,0,0,231023.0,0,0,4663770.0,48,0.0,20.19,1772,1,111736.16,21,5,31,110290.350952381,0,0,0.0,0,0,0,0,0
6518,1258,33,0,3,2,0,113579.0,0,0,610731.0,24,0.0,5.38,1189,1,29264.19,3,1,32,27290.83,0,0,0.0,0,0,0,0,1
5665,1260,52,0,3,2,0,37863.0,0,0,881223.0,48,0.0,23.27,2279,1,21112.63,8,4,50,20209.7875,0,0,0.0,0,0,0,0,1
5563,1261,26,0,1,1,0,248676.0,0,0,8053924.0,36,0.0,32.39,1987,1,257278.13,14,6,56,263722.048571429,0,0,0.0,0,0,0,0,1
8065,1262,40,0,0,0,0,187595.0,0,0,435925.0,24,0.0,2.32,1624,2,20888.07,19,8,56,20784.7115789474,0,0,0.0,0,51,14,15,1
7613,1264,55,1,0,2,0,230025.0,0,0,2785602.0,48,0.0,12.11,1500,1,66738.38,20,6,50,65769.334,0,0,0.0,0,0,0,0,1
5231,1265,53,0,3,2,0,84347.0,0,0,6444486.0,48,0.0,76.4,135,1,154399.14,9,2,41,148087.751111111,9,2,0.222,41,0,0,0,0
8362,1267,38,1,0,2,0,57414.0,0,0,1664978.0,120,0.0,29.0,2179,2,15956.04,21,5,43,16043.9766666667,0,0,0.0,0,62,10,18,0
6895,1268,62,1,1,1,0,37080.0,0,0,324691.0,12,0.0,8.76,1916,1,31116.22,24,8,49,31170.2404166667,0,0,0.0,0,0,0,0,1
5738,1269,53,0,0,2,0,194042.0,0,0,49440.0,24,0.0,0.25,1557,1,2369.0,23,6,53,2266.06695652174,0,0,0.0,0,0,0,0,0
9485,1270,42,0,1,2,0,130659.0,0,0,467282.0,6,0.0,3.58,947,2,89562.38,9,3,58,86437.9233333333,0,0,0.0,0,53,6,16,1
5936,1271,60,0,3,2,0,270403.0,0,0,361178.0,60,0.0,1.34,103,2,6922.58,19,7,47,6971.84263157895,19,7,0.368,47,69,13,25,1
6722,1273,26,1,3,2,0,99272.0,0,0,940264.0,120,0.0,9.47,1236,2,9010.86,26,9,56,9130.36230769231,0,0,0.0,0,60,6,23,1
6138,1274,54,0,0,1,0,221958.0,0,0,305342.0,60,0.0,1.38,2511,1,5852.39,14,3,59,5938.07142857143,0,0,0.0,0,0,0,0,0
7239,1276,49,0,1,0,0,230835.0,0,0,47472.0,36,0.0,0.21,1529,2,1516.47,18,4,45,1521.10944444444,0,0,0.0,0,66,11,31,0
5784,1278,60,0,1,0,0,91887.0,0,0,19321.0,12,0.0,0.21,167,1,1851.6,17,4,59,1778.78529411765,17,4,0.235,59,0,0,0,0
9075,1279,30,0,3,2,0,235078.0,0,0,9854013.0,36,0.0,41.92,777,1,314780.97,11,1,29,296225.035454545,0,0,0.0,0,0,0,0,0
6187,1280,59,1,3,2,0,37033.0,0,0,13055.0,12,0.0,0.35,141,2,1251.1,14,2,33,1183.77642857143,14,2,0.143,33,68,17,13,0
9880,1281,31,0,3,1,0,175114.0,0,0,242355.0,240,0.0,1.38,1598,1,1161.28,20,4,41,1206.0245,0,0,0.0,0,0,0,0,0
6642,1282,36,0,2,2,0,113804.0,0,0,1057484.0,36,0.0,9.29,353,1,33780.74,8,2,15,33717.31375,8,2,0.25,15,0,0,0,0
8816,1284,49,1,0,2,0,92768.0,0,0,268607.0,12,0.0,2.9,1319,1,25741.5,14,6,50,25720.8742857143,0,0,0.0,0,0,0,0,1
8038,1285,28,0,2,2,0,191425.0,0,0,427336.0,48,0.0,2.23,1964,1,10238.26,10,3,58,10882.346,0,0,0.0,0,0,0,0,1
9726,1286,34,0,2,1,0,206817.0,0,0,6982766.0,24,0.0,33.76,2389,1,334590.87,11,3,36,325089.95,0,0,0.0,0,0,0,0,0
8890,1289,62,0,2,2,0,205896.0,0,0,21806.0,36,0.0,0.11,2016,2,696.58,15,8,59,689.106,0,0,0.0,0,53,7,21,1
5417,1290,41,1,2,1,0,223824.0,0,0,3351744.0,60,0.0,14.97,1877,1,64241.76,2,1,1,66965.155,0,0,0.0,0,0,0,0,1
5277,1292,55,0,0,1,0,155750.0,0,0,126173.0,24,0.0,0.81,851,1,6045.79,4,2,12,6186.4025,0,0,0.0,0,0,0,0,1
8867,1293,32,1,1,2,0,83586.0,0,0,31278.0,120,0.0,0.37,1534,1,299.75,19,5,46,290.616842105263,0,0,0.0,0,0,0,0,0
6906,1294,58,0,0,1,0,257936.0,0,0,12498.0,6,0.0,0.05,2503,1,2395.45,12,3,53,2325.76166666667,0,0,0.0,0,0,0,0,0
9503,1296,28,0,2,1,0,257997.0,0,0,219580.0,6,0.0,0.85,2537,2,42086.17,24,6,57,42975.1191666667,0,0,0.0,0,66,12,26,0
5531,1298,33,1,2,1,0,146194.0,0,0,491648.0,6,0.0,3.36,1999,2,94232.53,7,2,19,93620.2371428571,0,0,0.0,0,56,7,17,0
5996,1299,36,1,3,2,0,93470.0,0,0,141666.0,48,0.0,1.52,1444,3,3394.08,17,3,49,3430.22294117647,0,0,0.0,0,38,5,17,0
5517,1301,62,0,0,0,0,237589.0,0,0,450297.0,12,0.0,1.9,2318,1,43153.46,23,7,58,44478.5665217391,0,0,0.0,0,0,0,0,1
5705,1302,54,0,1,1,0,60797.0,0,0,276355.0,12,0.0,4.55,893,2,26484.02,27,8,55,26742.3866666667,1,0,0.0,0,54,10,17,0
6935,1304,64,1,3,2,0,176312.0,0,0,25580.0,48,0.0,0.15,1245,2,612.85,27,6,43,618.574814814815,0,0,0.0,0,56,11,17,0
8101,1305,34,1,2,1,0,245754.0,0,0,1203684.0,6,0.0,4.9,2164,2,230706.1,24,12,56,233644.303333333,0,0,0.0,0,64,12,20,1
7106,1306,27,1,2,0,0,141581.0,0,0,1513850.0,60,0.0,10.69,1245,1,29015.46,3,0,0,28912.5266666667,0,0,0.0,0,0,0,0,0
7217,1307,52,0,1,2,0,181363.0,0,0,1706017.0,12,0.0,9.41,803,2,163493.3,6,3,54,167838.658333333,0,0,0.0,0,57,11,23,1
7317,1308,60,1,0,2,0,197222.0,0,0,113800.0,24,0.0,0.58,1206,2,5452.92,14,5,53,5213.25928571429,0,0,0.0,0,57,6,20,1
8118,1309,56,0,0,1,0,151851.0,0,0,973340.0,48,0.0,6.41,1585,1,23319.6,16,10,60,24123.484375,0,0,0.0,0,0,0,0,2
7459,1311,34,1,2,1,0,93815.0,0,0,2366009.0,48,0.0,25.22,2590,1,56685.63,16,5,58,59194.656875,0,0,0.0,0,0,0,0,1
8913,1313,59,0,1,2,0,31995.0,0,0,6264248.0,12,0.0,195.79,994,1,600323.77,2,2,37,598008.175,0,0,0.0,0,0,0,0,2
5234,1314,59,0,0,0,0,22982.0,0,0,239778.0,6,0.0,10.43,973,1,45957.45,11,1,10,46216.89,0,0,0.0,0,0,0,0,0
6448,1315,64,1,0,2,0,273117.0,0,0,237475.0,36,0.0,0.87,352,1,7586.01,19,7,56,7997.70473684211,19,7,0.368,56,0,0,0,1
7843,1316,31,1,3,0,0,43121.0,0,0,8316.0,24,0.0,0.19,1860,3,398.48,2,1,33,388.04,0,0,0.0,0,51,10,15,1
9896,1317,33,1,1,1,0,126326.0,0,0,24811.0,12,0.0,0.2,1139,1,2377.72,7,1,32,2143.55285714286,0,0,0.0,0,0,0,0,0
7247,1318,25,0,3,1,0,95788.0,0,0,3003896.0,48,0.0,31.36,2352,1,71968.34,8,1,60,71154.45125,0,0,0.0,0,0,0,0,0
6288,1319,61,0,1,1,0,21469.0,0,0,7795.0,240,0.0,0.36,1230,1,37.35,6,1,30,38.1366666666667,0,0,0.0,0,0,0,0,0
8661,1320,32,0,1,0,0,223805.0,0,0,905132.0,240,0.0,4.04,2339,1,4337.09,1,1,15,4329.24,0,0,0.0,0,0,0,0,2
6774,1321,58,0,1,2,0,45921.0,0,0,973242.0,240,0.0,21.19,2318,3,4663.45,1,1,19,5341.57,0,0,0.0,0,56,11,14,2
7155,1322,60,0,0,2,0,46186.0,0,0,961947.0,120,0.0,20.83,1553,2,9218.66,7,2,45,9538.35285714286,0,0,0.0,0,51,6,12,0
9409,1323,65,0,3,0,0,153532.0,0,0,42367.0,240,0.0,0.28,1061,3,203.01,4,1,13,186.1025,0,0,0.0,0,58,9,18,0
7236,1324,62,1,3,0,0,286386.0,0,0,85628.0,12,0.0,0.3,2299,1,8206.02,18,5,50,8267.96111111111,0,0,0.0,0,0,0,0,0
8721,1325,35,0,2,0,0,238551.0,0,0,1931461.0,6,0.0,8.1,1564,2,370196.69,13,2,37,373521.51,0,0,0.0,0,48,15,16,0
6851,1326,60,1,0,1,0,236299.0,0,0,5411662.0,60,0.0,22.9,564,1,103723.52,7,1,34,107032.362857143,1,0,0.0,0,0,0,0,0
8504,1327,63,0,0,2,0,122487.0,0,0,602097.0,6,0.0,4.92,2457,1,115401.92,7,2,9,111025.701428571,0,0,0.0,0,0,0,0,0
8817,1328,52,1,0,2,0,79764.0,0,0,341206.0,48,0.0,4.28,1353,1,8174.73,15,5,40,7856.42733333333,0,0,0.0,0,0,0,0,1
9252,1329,52,0,1,0,0,60185.0,0,0,30028.0,120,0.0,0.5,1521,2,287.77,15,9,55,297.787333333333,0,0,0.0,0,55,9,19,2
9733,1331,30,0,3,0,0,224855.0,0,0,258267.0,240,0.0,1.15,272,3,1237.53,11,6,59,1244.63545454545,11,6,0.545,59,63,15,18,1
7565,1332,37,0,3,1,0,223664.0,0,0,724650.0,120,0.0,3.24,393,1,6944.56,11,1,21,7316.06727272727,11,1,0.091,21,0,0,0,0
6698,1333,26,1,2,1,0,45641.0,0,0,108342.0,120,0.0,2.37,58,2,1038.28,15,8,59,1052.36666666667,15,8,0.533,59,57,16,18,1
9471,1335,55,0,2,2,0,143112.0,0,0,229176.0,36,0.0,1.6,1092,1,7320.9,12,4,55,7307.52416666667,0,0,0.0,0,0,0,0,1
9281,1336,28,0,1,2,0,264766.0,0,0,106286.0,24,0.0,0.4,1950,1,5092.87,3,1,16,5402.13333333333,0,0,0.0,0,0,0,0,1
7505,1337,37,0,2,2,0,220916.0,0,0,1571972.0,24,0.0,7.12,462,1,75323.66,10,3,37,71208.611,7,3,0.429,37,0,0,0,1
5904,1339,29,0,2,2,0,216724.0,0,0,18453.0,24,0.0,0.09,1622,1,884.21,18,6,59,869.578888888889,0,0,0.0,0,0,0,0,1
9285,1340,34,1,2,0,0,282187.0,0,0,179890.0,12,0.0,0.64,2412,1,17239.46,12,5,60,17550.735,0,0,0.0,0,0,0,0,1
6330,1341,38,1,2,1,0,103495.0,0,0,9425368.0,48,0.0,91.07,2336,2,225816.11,17,4,45,220648.579411765,0,0,0.0,0,54,7,18,0
5892,1343,43,0,0,2,0,81976.0,0,0,15437.0,120,0.0,0.19,2081,1,147.94,11,3,56,145.648181818182,0,0,0.0,0,0,0,0,0
9022,1344,25,1,3,0,0,259178.0,0,0,3469324.0,48,0.0,13.39,205,1,83119.22,16,6,57,81206.6825,16,6,0.375,57,0,0,0,1
5458,1346,34,1,3,2,0,137470.0,0,0,40145.0,120,0.0,0.29,251,2,384.72,12,2,22,391.873333333333,12,2,0.167,22,57,15,13,0
9791,1347,30,1,3,2,0,234288.0,0,0,27041.0,48,0.0,0.12,2073,2,647.86,6,1,48,672.808333333333,0,0,0.0,0,56,6,20,0
6938,1348,32,1,1,2,0,267132.0,0,0,13055.0,12,0.0,0.05,2174,1,1251.1,14,6,57,1248.63571428571,0,0,0.0,0,0,0,0,1
7422,1349,38,1,1,2,0,265225.0,0,0,291517.0,24,0.0,1.1,1210,1,13968.52,11,4,53,14524.0645454545,0,0,0.0,0,0,0,0,1
5686,1350,39,0,0,1,0,42588.0,0,0,1285268.0,12,0.0,30.18,1192,1,123171.52,5,3,54,128152.094,0,0,0.0,0,0,0,0,2
6286,1351,43,0,2,2,0,231537.0,0,0,179272.0,6,0.0,0.77,722,1,34360.47,10,1,59,34573.025,1,1,1.0,59,0,0,0,0
8696,1352,48,1,0,2,0,250368.0,0,0,43914.0,24,0.0,0.18,1522,3,2104.21,17,7,57,2116.15764705882,0,0,0.0,0,44,10,15,1
9584,1353,44,0,3,2,0,254383.0,0,0,5276339.0,240,0.0,20.74,2278,1,25282.46,18,8,58,24109.1422222222,0,0,0.0,0,0,0,0,1
9666,1354,31,0,0,0,0,96801.0,0,0,3788496.0,6,0.0,39.14,2046,1,726128.4,19,7,52,739047.568421053,0,0,0.0,0,0,0,0,1
8227,1357,48,0,0,1,0,70218.0,0,0,6356.0,240,0.0,0.09,973,2,30.46,7,1,14,30.9342857142857,0,0,0.0,0,47,9,8,0
5084,1358,48,0,2,2,0,185750.0,0,0,1037887.0,48,0.0,5.59,1238,1,24866.04,18,6,49,25685.4294444444,0,0,0.0,0,0,0,0,1
9446,1360,53,0,0,2,0,195242.0,0,0,388229.0,6,0.0,1.99,885,1,74410.56,9,4,52,72720.3422222222,0,0,0.0,0,0,0,0,1
9701,1361,55,1,3,2,0,261236.0,0,0,1732020.0,48,0.0,6.63,1895,1,41496.31,13,5,57,40686.0338461538,0,0,0.0,0,0,0,0,1
6930,1364,50,1,3,1,0,233435.0,0,0,48380.0,12,0.0,0.21,333,1,4636.42,4,2,29,4662.4,4,2,0.5,29,0,0,0,1
9539,1365,31,0,1,1,0,249316.0,0,0,489503.0,120,0.0,1.96,2362,1,4691.07,14,4,50,4569.53785714286,0,0,0.0,0,0,0,0,0
5435,1366,41,1,3,1,0,169673.0,0,0,429620.0,48,0.0,2.53,443,1,10292.98,5,1,1,9707.68,3,0,0.0,0,0,0,0,0
9491,1368,58,0,3,0,0,155851.0,0,0,169999.0,240,0.0,1.09,808,1,814.58,2,1,32,793.215,0,0,0.0,0,0,0,0,1
8369,1369,58,1,0,1,0,251983.0,0,0,2959880.0,120,0.0,11.75,306,1,28365.52,2,0,0,32607.555,2,0,0.0,0,0,0,0,0
5259,1371,32,0,3,2,0,145958.0,0,0,1316898.0,60,0.0,9.02,1617,2,25240.54,16,5,54,24455.939375,0,0,0.0,0,66,19,18,1
8364,1372,34,1,2,1,0,88365.0,0,0,104318.0,6,0.0,1.18,367,2,19994.28,14,7,46,19477.135,14,7,0.5,46,61,17,13,1
7225,1373,45,0,0,1,0,146432.0,0,0,1127369.0,24,0.0,7.7,1486,2,54019.76,19,7,56,54804.752631579,0,0,0.0,0,47,7,12,1
6530,1374,61,0,3,0,0,272621.0,0,0,1076836.0,24,0.0,3.95,77,1,51598.39,12,4,40,51485.4975,12,4,0.333,40,0,0,0,1
9432,1377,48,0,2,0,0,280165.0,0,0,52305.0,48,0.0,0.19,1021,1,1253.14,15,7,59,1259.74733333333,0,0,0.0,0,0,0,0,1
5115,1378,38,1,1,2,0,185223.0,0,0,9596800.0,24,0.0,51.81,1262,1,459846.67,4,2,23,441756.9025,0,0,0.0,0,0,0,0,1
8121,1379,43,1,3,1,0,267301.0,0,0,1664842.0,60,0.0,6.23,1764,1,31909.47,3,0,0,32278.0533333333,0,0,0.0,0,0,0,0,0
5942,1381,62,1,3,1,0,123584.0,0,0,26341.0,6,0.0,0.21,2476,1,5048.69,13,4,58,5065.97769230769,0,0,0.0,0,0,0,0,1
7997,1382,27,0,2,2,0,23646.0,0,0,944871.0,24,0.0,39.96,1699,1,45275.07,5,0,0,42578.092,0,0,0.0,0,0,0,0,0
5179,1385,28,0,0,2,0,239868.0,0,0,3671111.0,240,0.0,15.3,1900,1,17590.74,13,5,53,18008.2438461538,0,0,0.0,0,0,0,0,1
6596,1386,34,0,2,1,0,120912.0,0,0,139153.0,48,0.0,1.15,933,2,3333.87,5,2,19,2997.572,0,0,0.0,0,77,12,22,1
7044,1387,59,0,2,2,0,23116.0,0,0,70003.0,36,0.0,3.03,2551,1,2236.21,10,4,58,2252.483,0,0,0.0,0,0,0,0,1
8682,1388,40,1,2,1,0,269858.0,0,0,7666187.0,240,0.0,28.41,814,1,36733.81,15,3,26,35482.2706666667,1,0,0.0,0,0,0,0,0
5615,1390,41,0,0,2,0,71504.0,0,0,1075284.0,6,0.0,15.04,443,1,206096.1,6,2,46,209530.363333333,4,2,0.5,46,0,0,0,1
9412,1391,31,0,2,0,0,80203.0,0,0,143089.0,120,0.0,1.78,698,2,1371.27,13,5,56,1361.17692307692,3,1,0.333,56,60,12,23,1
5692,1394,44,0,1,0,0,131922.0,0,0,1931617.0,36,0.0,14.64,212,1,61704.43,16,6,52,60283.19,16,6,0.375,52,0,0,0,1
8352,1395,25,1,3,1,0,273002.0,0,0,176277.0,120,0.0,0.65,1244,1,1689.32,18,3,35,1781.94,0,0,0.0,0,0,0,0,0
8474,1396,59,0,0,1,0,295906.0,0,0,372860.0,24,0.0,1.26,2057,1,17866.21,9,3,60,17722.8888888889,0,0,0.0,0,0,0,0,1
8800,1397,44,0,3,2,0,30794.0,0,0,498034.0,120,0.0,16.17,654,1,4772.83,13,3,53,5041.76846153846,4,1,0.25,22,0,0,0,0
6331,1399,49,1,1,2,0,214654.0,0,0,354121.0,36,0.0,1.65,1018,2,11312.2,2,0,0,9320.085,0,0,0.0,0,62,17,20,0
7314,1400,64,1,0,0,0,288822.0,0,0,796790.0,36,0.0,2.76,1446,1,25453.01,12,2,51,25556.9225,0,0,0.0,0,0,0,0,0
